Experiment,LibraryLayout,Platform,Run,R1,R2
vp_0001,PAIRED,ILLUMINA,,s3://mybucket23443243SRR1013448.1_1.fastq.gz,s3://mybucket23443243SRR1013448.1_2.fastq.gz
vp_0002,PAIRED,ILLUMINA,,s3://mybucket23443243SRR1013449.1_1.fastq.gz,s3://mybucket23443243SRR1013449.1_2.fastq.gz
vp_0003,PAIRED,ILLUMINA,,s3://mybucket23443243SRR1013450.1_1.fastq.gz,s3://mybucket23443243SRR1013450.1_2.fastq.gz
vp_0004,PAIRED,ILLUMINA,,s3://mybucket23443243SRR1013451.1_1.fastq.gz,s3://mybucket23443243SRR1013451.1_2.fastq.gz
vp_0005,PAIRED,ILLUMINA,,s3://mybucket23443243SRR1013452.1_1.fastq.gz,s3://mybucket23443243SRR1013452.1_2.fastq.gz
vp_0006,PAIRED,ILLUMINA,,s3://mybucket23443243SRR1013453.1_1.fastq.gz,s3://mybucket23443243SRR1013453.1_2.fastq.gz
vp_0007,PAIRED,ILLUMINA,,s3://mybucket23443243SRR1013454.1_1.fastq.gz,s3://mybucket23443243SRR1013454.1_2.fastq.gz
vp_0008,PAIRED,ILLUMINA,,s3://mybucket23443243SRR1013455.1_1.fastq.gz,s3://mybucket23443243SRR1013455.1_2.fastq.gz
vp_0009,PAIRED,ILLUMINA,,s3://mybucket23443243SRR1013456.1_1.fastq.gz,s3://mybucket23443243SRR1013456.1_2.fastq.gz
vp_0010,PAIRED,ILLUMINA,,s3://mybucket23443243SRR1013457.1_1.fastq.gz,s3://mybucket23443243SRR1013457.1_2.fastq.gz
vp_0011,PAIRED,ILLUMINA,,s3://mybucket23443243SRR1013458.1_1.fastq.gz,s3://mybucket23443243SRR1013458.1_2.fastq.gz
vp_0012,PAIRED,ILLUMINA,,s3://mybucket23443243SRR1013459.1_1.fastq.gz,s3://mybucket23443243SRR1013459.1_2.fastq.gz
vp_0013,PAIRED,ILLUMINA,,s3://mybucket23443243SRR1013460.1_1.fastq.gz,s3://mybucket23443243SRR1013460.1_2.fastq.gz
vp_0014,PAIRED,ILLUMINA,,s3://mybucket23443243SRR1013461.1_1.fastq.gz,s3://mybucket23443243SRR1013461.1_2.fastq.gz
vp_0015,PAIRED,ILLUMINA,,s3://mybucket23443243SRR1013462.1_1.fastq.gz,s3://mybucket23443243SRR1013462.1_2.fastq.gz
vp_0016,PAIRED,ILLUMINA,,s3://mybucket23443243SRR1013463.1_1.fastq.gz,s3://mybucket23443243SRR1013463.1_2.fastq.gz
vp_0017,PAIRED,ILLUMINA,,s3://mybucket23443243SRR1013464.1_1.fastq.gz,s3://mybucket23443243SRR1013464.1_2.fastq.gz
vp_0018,PAIRED,ILLUMINA,,s3://mybucket23443243SRR1013465.1_1.fastq.gz,s3://mybucket23443243SRR1013465.1_2.fastq.gz
vp_0019,PAIRED,ILLUMINA,,s3://mybucket23443243SRR1013466.1_1.fastq.gz,s3://mybucket23443243SRR1013466.1_2.fastq.gz
vp_0020,PAIRED,ILLUMINA,,s3://mybucket23443243SRR1013467.1_1.fastq.gz,s3://mybucket23443243SRR1013467.1_2.fastq.gz
vp_0021,PAIRED,ILLUMINA,,s3://mybucket23443243SRR10207230.1_1.fastq.gz,s3://mybucket23443243SRR10207230.1_2.fastq.gz
vp_0022,PAIRED,ILLUMINA,,s3://mybucket23443243SRR10207231.1_1.fastq.gz,s3://mybucket23443243SRR10207231.1_2.fastq.gz
vp_0023,PAIRED,ILLUMINA,,s3://mybucket23443243SRR10207232.1_1.fastq.gz,s3://mybucket23443243SRR10207232.1_2.fastq.gz
vp_0024,PAIRED,ILLUMINA,,s3://mybucket23443243SRR10207233.1_1.fastq.gz,s3://mybucket23443243SRR10207233.1_2.fastq.gz
vp_0025,PAIRED,ILLUMINA,,s3://mybucket23443243SRR10207234.1_1.fastq.gz,s3://mybucket23443243SRR10207234.1_2.fastq.gz
vp_0026,PAIRED,ILLUMINA,,s3://mybucket23443243SRR10207235.1_1.fastq.gz,s3://mybucket23443243SRR10207235.1_2.fastq.gz
vp_0027,PAIRED,ILLUMINA,,s3://mybucket23443243SRR10207236.1_1.fastq.gz,s3://mybucket23443243SRR10207236.1_2.fastq.gz
vp_0028,PAIRED,ILLUMINA,,s3://mybucket23443243SRR10207237.1_1.fastq.gz,s3://mybucket23443243SRR10207237.1_2.fastq.gz
vp_0029,PAIRED,ILLUMINA,,s3://mybucket23443243SRR10207238.1_1.fastq.gz,s3://mybucket23443243SRR10207238.1_2.fastq.gz
vp_0030,PAIRED,ILLUMINA,,s3://mybucket23443243SRR10207239.1_1.fastq.gz,s3://mybucket23443243SRR10207239.1_2.fastq.gz
vp_0031,PAIRED,ILLUMINA,,s3://mybucket23443243SRR10207240.1_1.fastq.gz,s3://mybucket23443243SRR10207240.1_2.fastq.gz
vp_0032,PAIRED,ILLUMINA,,s3://mybucket23443243SRR10207241.1_1.fastq.gz,s3://mybucket23443243SRR10207241.1_2.fastq.gz
vp_0033,PAIRED,ILLUMINA,,s3://mybucket23443243SRR10207254.1_1.fastq.gz,s3://mybucket23443243SRR10207254.1_2.fastq.gz
vp_0034,PAIRED,ILLUMINA,,s3://mybucket23443243SRR10207255.1_1.fastq.gz,s3://mybucket23443243SRR10207255.1_2.fastq.gz
vp_0035,PAIRED,ILLUMINA,,s3://mybucket23443243SRR10207256.1_1.fastq.gz,s3://mybucket23443243SRR10207256.1_2.fastq.gz
vp_0036,PAIRED,ILLUMINA,,s3://mybucket23443243SRR10207257.1_1.fastq.gz,s3://mybucket23443243SRR10207257.1_2.fastq.gz
vp_0037,PAIRED,ILLUMINA,,s3://mybucket23443243SRR10207258.1_1.fastq.gz,s3://mybucket23443243SRR10207258.1_2.fastq.gz
vp_0038,PAIRED,ILLUMINA,,s3://mybucket23443243SRR10207259.1_1.fastq.gz,s3://mybucket23443243SRR10207259.1_2.fastq.gz
vp_0039,PAIRED,ILLUMINA,,s3://mybucket23443243SRR10207260.1_1.fastq.gz,s3://mybucket23443243SRR10207260.1_2.fastq.gz
vp_0040,PAIRED,ILLUMINA,,s3://mybucket23443243SRR10207261.1_1.fastq.gz,s3://mybucket23443243SRR10207261.1_2.fastq.gz
vp_0041,PAIRED,ILLUMINA,,s3://mybucket23443243SRR10207262.1_1.fastq.gz,s3://mybucket23443243SRR10207262.1_2.fastq.gz
vp_0042,PAIRED,ILLUMINA,,s3://mybucket23443243SRR10207263.1_1.fastq.gz,s3://mybucket23443243SRR10207263.1_2.fastq.gz
vp_0043,PAIRED,ILLUMINA,,s3://mybucket23443243SRR10207264.1_1.fastq.gz,s3://mybucket23443243SRR10207264.1_2.fastq.gz
vp_0044,PAIRED,ILLUMINA,,s3://mybucket23443243SRR10207265.1_1.fastq.gz,s3://mybucket23443243SRR10207265.1_2.fastq.gz
vp_0045,PAIRED,ILLUMINA,,s3://mybucket23443243SRR10588937.1_1.fastq.gz,s3://mybucket23443243SRR10588937.1_2.fastq.gz
vp_0046,PAIRED,ILLUMINA,,s3://mybucket23443243SRR10588938.1_1.fastq.gz,s3://mybucket23443243SRR10588938.1_2.fastq.gz
vp_0047,PAIRED,ILLUMINA,,s3://mybucket23443243SRR10588939.1_1.fastq.gz,s3://mybucket23443243SRR10588939.1_2.fastq.gz
vp_0048,PAIRED,ILLUMINA,,s3://mybucket23443243SRR10588940.1_1.fastq.gz,s3://mybucket23443243SRR10588940.1_2.fastq.gz
vp_0049,PAIRED,ILLUMINA,,s3://mybucket23443243SRR10588941.1_1.fastq.gz,s3://mybucket23443243SRR10588941.1_2.fastq.gz
vp_0050,PAIRED,ILLUMINA,,s3://mybucket23443243SRR10588942.1_1.fastq.gz,s3://mybucket23443243SRR10588942.1_2.fastq.gz
vp_0051,PAIRED,ILLUMINA,,s3://mybucket23443243SRR10894917.1_1.fastq.gz,s3://mybucket23443243SRR10894917.1_2.fastq.gz
vp_0052,PAIRED,ILLUMINA,,s3://mybucket23443243SRR10894918.1_1.fastq.gz,s3://mybucket23443243SRR10894918.1_2.fastq.gz
vp_0053,PAIRED,ILLUMINA,,s3://mybucket23443243SRR10894919.1_1.fastq.gz,s3://mybucket23443243SRR10894919.1_2.fastq.gz
vp_0054,PAIRED,ILLUMINA,,s3://mybucket23443243SRR10894920.1_1.fastq.gz,s3://mybucket23443243SRR10894920.1_2.fastq.gz
vp_0055,PAIRED,ILLUMINA,,s3://mybucket23443243SRR10894921.1_1.fastq.gz,s3://mybucket23443243SRR10894921.1_2.fastq.gz
vp_0056,PAIRED,ILLUMINA,,s3://mybucket23443243SRR10894922.1_1.fastq.gz,s3://mybucket23443243SRR10894922.1_2.fastq.gz
vp_0057,PAIRED,ILLUMINA,,s3://mybucket23443243SRR11607711.1_1.fastq.gz,s3://mybucket23443243SRR11607711.1_2.fastq.gz
vp_0058,PAIRED,ILLUMINA,,s3://mybucket23443243SRR11607900.1_1.fastq.gz,s3://mybucket23443243SRR11607900.1_2.fastq.gz
vp_0059,PAIRED,ILLUMINA,,s3://mybucket23443243SRR11608174.1_1.fastq.gz,s3://mybucket23443243SRR11608174.1_2.fastq.gz
vp_0060,PAIRED,ILLUMINA,,s3://mybucket23443243SRR11608692.1_1.fastq.gz,s3://mybucket23443243SRR11608692.1_2.fastq.gz
vp_0061,PAIRED,ILLUMINA,,s3://mybucket23443243SRR11608936.1_1.fastq.gz,s3://mybucket23443243SRR11608936.1_2.fastq.gz
vp_0062,PAIRED,ILLUMINA,,s3://mybucket23443243SRR11609211.1_1.fastq.gz,s3://mybucket23443243SRR11609211.1_2.fastq.gz
vp_0063,PAIRED,ILLUMINA,,s3://mybucket23443243SRR11609245.1_1.fastq.gz,s3://mybucket23443243SRR11609245.1_2.fastq.gz
vp_0064,PAIRED,ILLUMINA,,s3://mybucket23443243SRR11609246.1_1.fastq.gz,s3://mybucket23443243SRR11609246.1_2.fastq.gz
vp_0065,PAIRED,ILLUMINA,,s3://mybucket23443243SRR11609247.1_1.fastq.gz,s3://mybucket23443243SRR11609247.1_2.fastq.gz
vp_0066,PAIRED,ILLUMINA,,s3://mybucket23443243SRR11609248.1_1.fastq.gz,s3://mybucket23443243SRR11609248.1_2.fastq.gz
vp_0067,PAIRED,ILLUMINA,,s3://mybucket23443243SRR11609249.1_1.fastq.gz,s3://mybucket23443243SRR11609249.1_2.fastq.gz
vp_0068,PAIRED,ILLUMINA,,s3://mybucket23443243SRR11609250.1_1.fastq.gz,s3://mybucket23443243SRR11609250.1_2.fastq.gz
vp_0069,PAIRED,ILLUMINA,,s3://mybucket23443243SRR11610944.1_1.fastq.gz,s3://mybucket23443243SRR11610944.1_2.fastq.gz
vp_0070,PAIRED,ILLUMINA,,s3://mybucket23443243SRR11611467.1_1.fastq.gz,s3://mybucket23443243SRR11611467.1_2.fastq.gz
vp_0071,PAIRED,ILLUMINA,,s3://mybucket23443243SRR11612989.1_1.fastq.gz,s3://mybucket23443243SRR11612989.1_2.fastq.gz
vp_0072,PAIRED,ILLUMINA,,s3://mybucket23443243SRR11613379.1_1.fastq.gz,s3://mybucket23443243SRR11613379.1_2.fastq.gz
vp_0073,PAIRED,ILLUMINA,,s3://mybucket23443243SRR11617821.1_1.fastq.gz,s3://mybucket23443243SRR11617821.1_2.fastq.gz
vp_0074,PAIRED,ILLUMINA,,s3://mybucket23443243SRR11621650.1_1.fastq.gz,s3://mybucket23443243SRR11621650.1_2.fastq.gz
vp_0075,PAIRED,ILLUMINA,,s3://mybucket23443243SRR11622652.1_1.fastq.gz,s3://mybucket23443243SRR11622652.1_2.fastq.gz
vp_0076,PAIRED,ILLUMINA,,s3://mybucket23443243SRR11624240.1_1.fastq.gz,s3://mybucket23443243SRR11624240.1_2.fastq.gz
vp_0077,PAIRED,ILLUMINA,,s3://mybucket23443243SRR11635551.1_1.fastq.gz,s3://mybucket23443243SRR11635551.1_2.fastq.gz
vp_0078,PAIRED,ILLUMINA,,s3://mybucket23443243SRR11638766.1_1.fastq.gz,s3://mybucket23443243SRR11638766.1_2.fastq.gz
vp_0079,PAIRED,ILLUMINA,,s3://mybucket23443243SRR11647977.1_1.fastq.gz,s3://mybucket23443243SRR11647977.1_2.fastq.gz
vp_0080,PAIRED,ILLUMINA,,s3://mybucket23443243SRR11652914.1_1.fastq.gz,s3://mybucket23443243SRR11652914.1_2.fastq.gz
vp_0081,PAIRED,ILLUMINA,,s3://mybucket23443243SRR11658054.1_1.fastq.gz,s3://mybucket23443243SRR11658054.1_2.fastq.gz
vp_0082,PAIRED,ILLUMINA,,s3://mybucket23443243SRR11658490.1_1.fastq.gz,s3://mybucket23443243SRR11658490.1_2.fastq.gz
vp_0083,PAIRED,ILLUMINA,,s3://mybucket23443243SRR11659062.1_1.fastq.gz,s3://mybucket23443243SRR11659062.1_2.fastq.gz
vp_0084,PAIRED,ILLUMINA,,s3://mybucket23443243SRR12033039.1_1.fastq.gz,s3://mybucket23443243SRR12033039.1_2.fastq.gz
vp_0085,PAIRED,ILLUMINA,,s3://mybucket23443243SRR12033040.1_1.fastq.gz,s3://mybucket23443243SRR12033040.1_2.fastq.gz
vp_0086,PAIRED,ILLUMINA,,s3://mybucket23443243SRR12033041.1_1.fastq.gz,s3://mybucket23443243SRR12033041.1_2.fastq.gz
vp_0087,PAIRED,ILLUMINA,,s3://mybucket23443243SRR12033042.1_1.fastq.gz,s3://mybucket23443243SRR12033042.1_2.fastq.gz
vp_0088,PAIRED,ILLUMINA,,s3://mybucket23443243SRR12033043.1_1.fastq.gz,s3://mybucket23443243SRR12033043.1_2.fastq.gz
vp_0089,PAIRED,ILLUMINA,,s3://mybucket23443243SRR12033044.1_1.fastq.gz,s3://mybucket23443243SRR12033044.1_2.fastq.gz
vp_0090,PAIRED,ILLUMINA,,s3://mybucket23443243SRR12398138.1_1.fastq.gz,s3://mybucket23443243SRR12398138.1_2.fastq.gz
vp_0091,PAIRED,ILLUMINA,,s3://mybucket23443243SRR12459902.1_1.fastq.gz,s3://mybucket23443243SRR12459902.1_2.fastq.gz
vp_0092,PAIRED,ILLUMINA,,s3://mybucket23443243SRR12791756.1_1.fastq.gz,s3://mybucket23443243SRR12791756.1_2.fastq.gz
vp_0093,PAIRED,ILLUMINA,,s3://mybucket23443243SRR12791757.1_1.fastq.gz,s3://mybucket23443243SRR12791757.1_2.fastq.gz
vp_0094,PAIRED,ILLUMINA,,s3://mybucket23443243SRR13356116.1_1.fastq.gz,s3://mybucket23443243SRR13356116.1_2.fastq.gz
vp_0095,PAIRED,ILLUMINA,,s3://mybucket23443243SRR13356117.1_1.fastq.gz,s3://mybucket23443243SRR13356117.1_2.fastq.gz
vp_0096,PAIRED,ILLUMINA,,s3://mybucket23443243SRR13356118.1_1.fastq.gz,s3://mybucket23443243SRR13356118.1_2.fastq.gz
vp_0097,PAIRED,ILLUMINA,,s3://mybucket23443243SRR13356119.1_1.fastq.gz,s3://mybucket23443243SRR13356119.1_2.fastq.gz
vp_0098,PAIRED,ILLUMINA,,s3://mybucket23443243SRR13356120.1_1.fastq.gz,s3://mybucket23443243SRR13356120.1_2.fastq.gz
vp_0099,PAIRED,ILLUMINA,,s3://mybucket23443243SRR13356121.1_1.fastq.gz,s3://mybucket23443243SRR13356121.1_2.fastq.gz
vp_0100,PAIRED,ILLUMINA,,s3://mybucket23443243SRR14161893.1_1.fastq.gz,s3://mybucket23443243SRR14161893.1_2.fastq.gz
vp_0101,PAIRED,ILLUMINA,,s3://mybucket23443243SRR14161894.1_1.fastq.gz,s3://mybucket23443243SRR14161894.1_2.fastq.gz
vp_0102,PAIRED,ILLUMINA,,s3://mybucket23443243SRR14692750.1_1.fastq.gz,s3://mybucket23443243SRR14692750.1_2.fastq.gz
vp_0103,PAIRED,ILLUMINA,,s3://mybucket23443243SRR14692751.1_1.fastq.gz,s3://mybucket23443243SRR14692751.1_2.fastq.gz
vp_0104,PAIRED,ILLUMINA,,s3://mybucket23443243SRR14692752.1_1.fastq.gz,s3://mybucket23443243SRR14692752.1_2.fastq.gz
vp_0105,PAIRED,ILLUMINA,,s3://mybucket23443243SRR14692753.1_1.fastq.gz,s3://mybucket23443243SRR14692753.1_2.fastq.gz
vp_0106,PAIRED,ILLUMINA,,s3://mybucket23443243SRR14692754.1_1.fastq.gz,s3://mybucket23443243SRR14692754.1_2.fastq.gz
vp_0107,PAIRED,ILLUMINA,,s3://mybucket23443243SRR14692755.1_1.fastq.gz,s3://mybucket23443243SRR14692755.1_2.fastq.gz
vp_0108,PAIRED,ILLUMINA,,s3://mybucket23443243SRR14692756.1_1.fastq.gz,s3://mybucket23443243SRR14692756.1_2.fastq.gz
vp_0109,PAIRED,ILLUMINA,,s3://mybucket23443243SRR14692757.1_1.fastq.gz,s3://mybucket23443243SRR14692757.1_2.fastq.gz
vp_0110,PAIRED,ILLUMINA,,s3://mybucket23443243SRR14692758.1_1.fastq.gz,s3://mybucket23443243SRR14692758.1_2.fastq.gz
vp_0111,PAIRED,ILLUMINA,,s3://mybucket23443243SRR14907361.1_1.fastq.gz,s3://mybucket23443243SRR14907361.1_2.fastq.gz
vp_0112,PAIRED,ILLUMINA,,s3://mybucket23443243SRR14907362.1_1.fastq.gz,s3://mybucket23443243SRR14907362.1_2.fastq.gz
vp_0113,PAIRED,ILLUMINA,,s3://mybucket23443243SRR15534965.1_1.fastq.gz,s3://mybucket23443243SRR15534965.1_2.fastq.gz
vp_0114,PAIRED,ILLUMINA,,s3://mybucket23443243SRR15534966.1_1.fastq.gz,s3://mybucket23443243SRR15534966.1_2.fastq.gz
vp_0115,PAIRED,ILLUMINA,,s3://mybucket23443243SRR16123289.1_1.fastq.gz,s3://mybucket23443243SRR16123289.1_2.fastq.gz
vp_0116,PAIRED,ILLUMINA,,s3://mybucket23443243SRR16123290.1_1.fastq.gz,s3://mybucket23443243SRR16123290.1_2.fastq.gz
vp_0117,PAIRED,ILLUMINA,,s3://mybucket23443243SRR16123291.1_1.fastq.gz,s3://mybucket23443243SRR16123291.1_2.fastq.gz
vp_0118,PAIRED,ILLUMINA,,s3://mybucket23443243SRR16123292.1_1.fastq.gz,s3://mybucket23443243SRR16123292.1_2.fastq.gz
vp_0119,PAIRED,ILLUMINA,,s3://mybucket23443243SRR1806638.1_1.fastq.gz,s3://mybucket23443243SRR1806638.1_2.fastq.gz
vp_0120,PAIRED,ILLUMINA,,s3://mybucket23443243SRR1806639.1_1.fastq.gz,s3://mybucket23443243SRR1806639.1_2.fastq.gz
vp_0121,PAIRED,ILLUMINA,,s3://mybucket23443243SRR1806640.1_1.fastq.gz,s3://mybucket23443243SRR1806640.1_2.fastq.gz
vp_0122,PAIRED,ILLUMINA,,s3://mybucket23443243SRR1806641.1_1.fastq.gz,s3://mybucket23443243SRR1806641.1_2.fastq.gz
vp_0123,PAIRED,ILLUMINA,,s3://mybucket23443243SRR18260377.1_1.fastq.gz,s3://mybucket23443243SRR18260377.1_2.fastq.gz
vp_0124,PAIRED,ILLUMINA,,s3://mybucket23443243SRR18260378.1_1.fastq.gz,s3://mybucket23443243SRR18260378.1_2.fastq.gz
vp_0125,PAIRED,ILLUMINA,,s3://mybucket23443243SRR18260379.1_1.fastq.gz,s3://mybucket23443243SRR18260379.1_2.fastq.gz
vp_0126,PAIRED,ILLUMINA,,s3://mybucket23443243SRR18260380.1_1.fastq.gz,s3://mybucket23443243SRR18260380.1_2.fastq.gz
vp_0127,PAIRED,ILLUMINA,,s3://mybucket23443243SRR18260381.1_1.fastq.gz,s3://mybucket23443243SRR18260381.1_2.fastq.gz
vp_0128,PAIRED,ILLUMINA,,s3://mybucket23443243SRR18260382.1_1.fastq.gz,s3://mybucket23443243SRR18260382.1_2.fastq.gz
vp_0129,PAIRED,ILLUMINA,,s3://mybucket23443243SRR18260383.1_1.fastq.gz,s3://mybucket23443243SRR18260383.1_2.fastq.gz
vp_0130,PAIRED,ILLUMINA,,s3://mybucket23443243SRR18260384.1_1.fastq.gz,s3://mybucket23443243SRR18260384.1_2.fastq.gz
vp_0131,PAIRED,ILLUMINA,,s3://mybucket23443243SRR18260385.1_1.fastq.gz,s3://mybucket23443243SRR18260385.1_2.fastq.gz
vp_0132,PAIRED,ILLUMINA,,s3://mybucket23443243SRR18767583.1_1.fastq.gz,s3://mybucket23443243SRR18767583.1_2.fastq.gz
vp_0133,PAIRED,ILLUMINA,,s3://mybucket23443243SRR18767584.1_1.fastq.gz,s3://mybucket23443243SRR18767584.1_2.fastq.gz
vp_0134,PAIRED,ILLUMINA,,s3://mybucket23443243SRR18779884.1_1.fastq.gz,s3://mybucket23443243SRR18779884.1_2.fastq.gz
vp_0135,PAIRED,ILLUMINA,,s3://mybucket23443243SRR18779885.1_1.fastq.gz,s3://mybucket23443243SRR18779885.1_2.fastq.gz
vp_0136,PAIRED,ILLUMINA,,s3://mybucket23443243SRR18779886.1_1.fastq.gz,s3://mybucket23443243SRR18779886.1_2.fastq.gz
vp_0137,PAIRED,ILLUMINA,,s3://mybucket23443243SRR18779887.1_1.fastq.gz,s3://mybucket23443243SRR18779887.1_2.fastq.gz
vp_0138,PAIRED,ILLUMINA,,s3://mybucket23443243SRR18779888.1_1.fastq.gz,s3://mybucket23443243SRR18779888.1_2.fastq.gz
vp_0139,PAIRED,ILLUMINA,,s3://mybucket23443243SRR18779889.1_1.fastq.gz,s3://mybucket23443243SRR18779889.1_2.fastq.gz
vp_0140,PAIRED,ILLUMINA,,s3://mybucket23443243SRR19423223.1_1.fastq.gz,s3://mybucket23443243SRR19423223.1_2.fastq.gz
vp_0141,PAIRED,ILLUMINA,,s3://mybucket23443243SRR19423224.1_1.fastq.gz,s3://mybucket23443243SRR19423224.1_2.fastq.gz
vp_0142,PAIRED,ILLUMINA,,s3://mybucket23443243SRR19423225.1_1.fastq.gz,s3://mybucket23443243SRR19423225.1_2.fastq.gz
vp_0143,PAIRED,ILLUMINA,,s3://mybucket23443243SRR19423226.1_1.fastq.gz,s3://mybucket23443243SRR19423226.1_2.fastq.gz
vp_0144,PAIRED,ILLUMINA,,s3://mybucket23443243SRR19423227.1_1.fastq.gz,s3://mybucket23443243SRR19423227.1_2.fastq.gz
vp_0145,PAIRED,ILLUMINA,,s3://mybucket23443243SRR19423228.1_1.fastq.gz,s3://mybucket23443243SRR19423228.1_2.fastq.gz
vp_0146,PAIRED,ILLUMINA,,s3://mybucket23443243SRR19434761.1_1.fastq.gz,s3://mybucket23443243SRR19434761.1_2.fastq.gz
vp_0147,PAIRED,ILLUMINA,,s3://mybucket23443243SRR19434762.1_1.fastq.gz,s3://mybucket23443243SRR19434762.1_2.fastq.gz
vp_0148,PAIRED,ILLUMINA,,s3://mybucket23443243SRR19434763.1_1.fastq.gz,s3://mybucket23443243SRR19434763.1_2.fastq.gz
vp_0149,PAIRED,ILLUMINA,,s3://mybucket23443243SRR19434764.1_1.fastq.gz,s3://mybucket23443243SRR19434764.1_2.fastq.gz
vp_0150,PAIRED,ILLUMINA,,s3://mybucket23443243SRR19434765.1_1.fastq.gz,s3://mybucket23443243SRR19434765.1_2.fastq.gz
vp_0151,PAIRED,ILLUMINA,,s3://mybucket23443243SRR19434766.1_1.fastq.gz,s3://mybucket23443243SRR19434766.1_2.fastq.gz
vp_0152,PAIRED,ILLUMINA,,s3://mybucket23443243SRR19434767.1_1.fastq.gz,s3://mybucket23443243SRR19434767.1_2.fastq.gz
vp_0153,PAIRED,ILLUMINA,,s3://mybucket23443243SRR19434768.1_1.fastq.gz,s3://mybucket23443243SRR19434768.1_2.fastq.gz
vp_0154,PAIRED,ILLUMINA,,s3://mybucket23443243SRR19434769.1_1.fastq.gz,s3://mybucket23443243SRR19434769.1_2.fastq.gz
vp_0155,PAIRED,ILLUMINA,,s3://mybucket23443243SRR2085095.1_1.fastq.gz,s3://mybucket23443243SRR2085095.1_2.fastq.gz
vp_0156,PAIRED,ILLUMINA,,s3://mybucket23443243SRR20982499.1_1.fastq.gz,s3://mybucket23443243SRR20982499.1_2.fastq.gz
vp_0157,PAIRED,ILLUMINA,,s3://mybucket23443243SRR20982500.1_1.fastq.gz,s3://mybucket23443243SRR20982500.1_2.fastq.gz
vp_0158,PAIRED,ILLUMINA,,s3://mybucket23443243SRR20982501.1_1.fastq.gz,s3://mybucket23443243SRR20982501.1_2.fastq.gz
vp_0159,PAIRED,ILLUMINA,,s3://mybucket23443243SRR20982502.1_1.fastq.gz,s3://mybucket23443243SRR20982502.1_2.fastq.gz
vp_0160,PAIRED,ILLUMINA,,s3://mybucket23443243SRR20982503.1_1.fastq.gz,s3://mybucket23443243SRR20982503.1_2.fastq.gz
vp_0161,PAIRED,ILLUMINA,,s3://mybucket23443243SRR20982504.1_1.fastq.gz,s3://mybucket23443243SRR20982504.1_2.fastq.gz
vp_0162,PAIRED,ILLUMINA,,s3://mybucket23443243SRR2136634.1_1.fastq.gz,s3://mybucket23443243SRR2136634.1_2.fastq.gz
vp_0163,PAIRED,ILLUMINA,,s3://mybucket23443243SRR2140570.1_1.fastq.gz,s3://mybucket23443243SRR2140570.1_2.fastq.gz
vp_0164,PAIRED,ILLUMINA,,s3://mybucket23443243SRR23356585.1_1.fastq.gz,s3://mybucket23443243SRR23356585.1_2.fastq.gz
vp_0165,PAIRED,ILLUMINA,,s3://mybucket23443243SRR23356586.1_1.fastq.gz,s3://mybucket23443243SRR23356586.1_2.fastq.gz
vp_0166,PAIRED,ILLUMINA,,s3://mybucket23443243SRR3567300.1_1.fastq.gz,s3://mybucket23443243SRR3567300.1_2.fastq.gz
vp_0167,PAIRED,ILLUMINA,,s3://mybucket23443243SRR3567364.1_1.fastq.gz,s3://mybucket23443243SRR3567364.1_2.fastq.gz
vp_0168,PAIRED,ILLUMINA,,s3://mybucket23443243SRR3567365.1_1.fastq.gz,s3://mybucket23443243SRR3567365.1_2.fastq.gz
vp_0169,PAIRED,ILLUMINA,,s3://mybucket23443243SRR3567367.1_1.fastq.gz,s3://mybucket23443243SRR3567367.1_2.fastq.gz
vp_0170,PAIRED,ILLUMINA,,s3://mybucket23443243SRR3567368.1_1.fastq.gz,s3://mybucket23443243SRR3567368.1_2.fastq.gz
vp_0171,PAIRED,ILLUMINA,,s3://mybucket23443243SRR3567369.1_1.fastq.gz,s3://mybucket23443243SRR3567369.1_2.fastq.gz
vp_0172,PAIRED,ILLUMINA,,s3://mybucket23443243SRR3930563.1_1.fastq.gz,s3://mybucket23443243SRR3930563.1_2.fastq.gz
vp_0173,PAIRED,ILLUMINA,,s3://mybucket23443243SRR5720407.1_1.fastq.gz,s3://mybucket23443243SRR5720407.1_2.fastq.gz
vp_0174,PAIRED,ILLUMINA,,s3://mybucket23443243SRR5720408.1_1.fastq.gz,s3://mybucket23443243SRR5720408.1_2.fastq.gz
vp_0175,PAIRED,ILLUMINA,,s3://mybucket23443243SRR5720409.1_1.fastq.gz,s3://mybucket23443243SRR5720409.1_2.fastq.gz
vp_0176,PAIRED,ILLUMINA,,s3://mybucket23443243SRR5720410.1_1.fastq.gz,s3://mybucket23443243SRR5720410.1_2.fastq.gz
vp_0177,PAIRED,ILLUMINA,,s3://mybucket23443243SRR6312083.1_1.fastq.gz,s3://mybucket23443243SRR6312083.1_2.fastq.gz
vp_0178,PAIRED,ILLUMINA,,s3://mybucket23443243SRR6312084.1_1.fastq.gz,s3://mybucket23443243SRR6312084.1_2.fastq.gz
vp_0179,PAIRED,ILLUMINA,,s3://mybucket23443243SRR6312085.1_1.fastq.gz,s3://mybucket23443243SRR6312085.1_2.fastq.gz
vp_0180,PAIRED,ILLUMINA,,s3://mybucket23443243SRR6488512.1_1.fastq.gz,s3://mybucket23443243SRR6488512.1_2.fastq.gz
vp_0181,PAIRED,ILLUMINA,,s3://mybucket23443243SRR6488513.1_1.fastq.gz,s3://mybucket23443243SRR6488513.1_2.fastq.gz
vp_0182,PAIRED,ILLUMINA,,s3://mybucket23443243SRR6488514.1_1.fastq.gz,s3://mybucket23443243SRR6488514.1_2.fastq.gz
vp_0183,PAIRED,ILLUMINA,,s3://mybucket23443243SRR6831311.1_1.fastq.gz,s3://mybucket23443243SRR6831311.1_2.fastq.gz
vp_0184,PAIRED,ILLUMINA,,s3://mybucket23443243SRR6831312.1_1.fastq.gz,s3://mybucket23443243SRR6831312.1_2.fastq.gz
vp_0185,PAIRED,ILLUMINA,,s3://mybucket23443243SRR6831313.1_1.fastq.gz,s3://mybucket23443243SRR6831313.1_2.fastq.gz
vp_0186,PAIRED,ILLUMINA,,s3://mybucket23443243SRR6831314.1_1.fastq.gz,s3://mybucket23443243SRR6831314.1_2.fastq.gz
vp_0187,SINGLE,ILLUMINA,,s3://mybucket23443243SRR1058062.2.fastq.gz,
vp_0188,SINGLE,ILLUMINA,,s3://mybucket23443243SRR1058063.2.fastq.gz,
vp_0189,SINGLE,ILLUMINA,,s3://mybucket23443243SRR16608235.1.fastq.gz,
vp_0190,SINGLE,ILLUMINA,,s3://mybucket23443243SRR16608236.1.fastq.gz,
vp_0191,SINGLE,ILLUMINA,,s3://mybucket23443243SRR16608237.1.fastq.gz,
vp_0192,SINGLE,ILLUMINA,,s3://mybucket23443243SRR16608238.1.fastq.gz,
vp_0193,SINGLE,ILLUMINA,,s3://mybucket23443243SRR22061298.1.fastq.gz,
vp_0194,SINGLE,ILLUMINA,,s3://mybucket23443243SRR22061299.1.fastq.gz,
vp_0195,SINGLE,ILLUMINA,,s3://mybucket23443243SRR22061300.1.fastq.gz,
vp_0196,SINGLE,ILLUMINA,,s3://mybucket23443243SRR22061301.1.fastq.gz,
vp_0197,SINGLE,ILLUMINA,,s3://mybucket23443243SRR22061302.1.fastq.gz,
vp_0198,SINGLE,ILLUMINA,,s3://mybucket23443243SRR22061303.1.fastq.gz,
vp_0199,SINGLE,ILLUMINA,,s3://mybucket23443243SRR22061304.1.fastq.gz,
vp_0200,SINGLE,ILLUMINA,,s3://mybucket23443243SRR22061305.1.fastq.gz,
vp_0201,SINGLE,ILLUMINA,,s3://mybucket23443243SRR22061306.1.fastq.gz,
vp_0202,SINGLE,ILLUMINA,,s3://mybucket23443243SRR22061307.1.fastq.gz,
vp_0203,SINGLE,ILLUMINA,,s3://mybucket23443243SRR22061308.1.fastq.gz,
vp_0204,SINGLE,ILLUMINA,,s3://mybucket23443243SRR22061309.1.fastq.gz,
vp_0205,SINGLE,ILLUMINA,,s3://mybucket23443243SRR5127059.1.fastq.gz,
vp_0206,SINGLE,ILLUMINA,,s3://mybucket23443243SRR5127060.1.fastq.gz,
vp_0207,SINGLE,ILLUMINA,,s3://mybucket23443243SRR5127061.1.fastq.gz,
vp_0208,SINGLE,ILLUMINA,,s3://mybucket23443243SRR5127062.1.fastq.gz,
vp_0209,SINGLE,ILLUMINA,,s3://mybucket23443243SRR5127063.1.fastq.gz,
vp_0210,SINGLE,ILLUMINA,,s3://mybucket23443243SRR5127064.1.fastq.gz,
vp_0211,SINGLE,ILLUMINA,,s3://mybucket23443243SRR5171703.1.fastq.gz,
vp_0212,SINGLE,ILLUMINA,,s3://mybucket23443243SRR5171705.1.fastq.gz,
vp_0213,SINGLE,ILLUMINA,,s3://mybucket23443243SRR5171707.1.fastq.gz,
vp_0214,SINGLE,ILLUMINA,,s3://mybucket23443243SRR5171709.1.fastq.gz,
vp_0215,SINGLE,ILLUMINA,,s3://mybucket23443243SRR5171711.1.fastq.gz,
vp_0216,SINGLE,ILLUMINA,,s3://mybucket23443243SRR5298497.1.fastq.gz,
vp_0217,SINGLE,ILLUMINA,,s3://mybucket23443243SRR5298499.1.fastq.gz,
vp_0218,SINGLE,ILLUMINA,,s3://mybucket23443243SRR5298501.1.fastq.gz,
vp_0219,SINGLE,ILLUMINA,,s3://mybucket23443243SRR5298503.1.fastq.gz,
vp_0220,SINGLE,ILLUMINA,,s3://mybucket23443243SRR5298505.1.fastq.gz,
vp_0221,SINGLE,ILLUMINA,,s3://mybucket23443243SRR5298507.1.fastq.gz,
vp_0222,SINGLE,ILLUMINA,,s3://mybucket23443243SRR5298509.1.fastq.gz,
vp_0223,SINGLE,ILLUMINA,,s3://mybucket23443243SRR5298511.1.fastq.gz,
